remote_addr,remote_usr,time_local,request_method,request_url,http_version,request_body,status,body_bytes_sent,http_referer,http_user_agent,http_x_forwarded_for,host,server_name,request_time
10.0.0.2,-,07/Apr/2023:03:29:05 +0000,GET,/,HTTP/1.1,-,304,0,-,Mozilla/5.0 (X11; Ubuntu; Linux x86_64; rv:109.0) Gecko/20100101 Firefox/111.0,-,localhost,_,0.017
10.0.0.2,-,07/Apr/2023:03:29:05 +0000,GET,/css/bootstrap.min.css,HTTP/1.1,-,304,0,http://localhost/,Mozilla/5.0 (X11; Ubuntu; Linux x86_64; rv:109.0) Gecko/20100101 Firefox/111.0,-,localhost,_,0.002
10.0.0.2,-,07/Apr/2023:03:29:05 +0000,GET,/css/font-awesome/all.min.css,HTTP/1.1,-,304,0,http://localhost/,Mozilla/5.0 (X11; Ubuntu; Linux x86_64; rv:109.0) Gecko/20100101 Firefox/111.0,-,localhost,_,0.001
10.0.0.2,-,07/Apr/2023:03:29:05 +0000,GET,/css/styles.css,HTTP/1.1,-,304,0,http://localhost/,Mozilla/5.0 (X11; Ubuntu; Linux x86_64; rv:109.0) Gecko/20100101 Firefox/111.0,-,localhost,_,0.002
10.0.0.2,-,07/Apr/2023:03:29:05 +0000,GET,/js/react.production.min.js,HTTP/1.1,-,304,0,http://localhost/,Mozilla/5.0 (X11; Ubuntu; Linux x86_64; rv:109.0) Gecko/20100101 Firefox/111.0,-,localhost,_,0.003
10.0.0.2,-,07/Apr/2023:03:29:05 +0000,GET,/js/react-dom.production.min.js,HTTP/1.1,-,304,0,http://localhost/,Mozilla/5.0 (X11; Ubuntu; Linux x86_64; rv:109.0) Gecko/20100101 Firefox/111.0,-,localhost,_,0.003
10.0.0.2,-,07/Apr/2023:03:29:05 +0000,GET,/js/react-bootstrap.js,HTTP/1.1,-,304,0,http://localhost/,Mozilla/5.0 (X11; Ubuntu; Linux x86_64; rv:109.0) Gecko/20100101 Firefox/111.0,-,localhost,_,0.001
10.0.0.2,-,07/Apr/2023:03:29:05 +0000,GET,/js/babel.min.js,HTTP/1.1,-,304,0,http://localhost/,Mozilla/5.0 (X11; Ubuntu; Linux x86_64; rv:109.0) Gecko/20100101 Firefox/111.0,-,localhost,_,0.000
10.0.0.2,-,07/Apr/2023:03:29:05 +0000,GET,/js/app.js,HTTP/1.1,-,200,5371,http://localhost/,Mozilla/5.0 (X11; Ubuntu; Linux x86_64; rv:109.0) Gecko/20100101 Firefox/111.0,-,localhost,_,0.007
10.0.0.2,-,07/Apr/2023:03:29:05 +0000,GET,/favicon.ico,HTTP/1.1,-,499,0,http://localhost/,Mozilla/5.0 (X11; Ubuntu; Linux x86_64; rv:109.0) Gecko/20100101 Firefox/111.0,-,localhost,_,0.001
10.0.0.2,-,07/Apr/2023:03:29:05 +0000,GET,/items,HTTP/1.1,-,200,77,http://localhost/,Mozilla/5.0 (X11; Ubuntu; Linux x86_64; rv:109.0) Gecko/20100101 Firefox/111.0,-,localhost,_,0.006
10.0.0.2,-,07/Apr/2023:03:29:05 +0000,GET,/css/font-awesome/fa-regular-400.woff2,HTTP/1.1,-,304,0,http://localhost/css/font-awesome/all.min.css,Mozilla/5.0 (X11; Ubuntu; Linux x86_64; rv:109.0) Gecko/20100101 Firefox/111.0,-,localhost,_,0.001
10.0.0.2,-,07/Apr/2023:03:29:05 +0000,GET,/css/font-awesome/fa-solid-900.woff2,HTTP/1.1,-,304,0,http://localhost/css/font-awesome/all.min.css,Mozilla/5.0 (X11; Ubuntu; Linux x86_64; rv:109.0) Gecko/20100101 Firefox/111.0,-,localhost,_,0.001
10.0.0.2,-,07/Apr/2023:03:29:07 +0000,DELETE,/items/9a10a70d-7a63-4edb-a081-f69c53c88a5d,HTTP/1.1,-,200,2,http://localhost/,Mozilla/5.0 (X11; Ubuntu; Linux x86_64; rv:109.0) Gecko/20100101 Firefox/111.0,-,localhost,_,0.011
10.0.0.2,-,07/Apr/2023:03:29:30 +0000,GET,/,HTTP/1.1,-,200,858,-,"Mozilla/5.0 (X11; Linux x86_64) AppleWebKit/537.36 (KHTML, like Gecko) Chrome/112.0.0.0 Safari/537.36",-,127.0.0.1,_,0.048
10.0.0.2,-,07/Apr/2023:03:29:31 +0000,GET,/css/bootstrap.min.css,HTTP/1.1,-,200,155758,http://127.0.0.1/,"Mozilla/5.0 (X11; Linux x86_64) AppleWebKit/537.36 (KHTML, like Gecko) Chrome/112.0.0.0 Safari/537.36",-,127.0.0.1,_,0.041
10.0.0.2,-,07/Apr/2023:03:29:31 +0000,GET,/css/font-awesome/all.min.css,HTTP/1.1,-,200,56302,http://127.0.0.1/,"Mozilla/5.0 (X11; Linux x86_64) AppleWebKit/537.36 (KHTML, like Gecko) Chrome/112.0.0.0 Safari/537.36",-,127.0.0.1,_,0.040
10.0.0.2,-,07/Apr/2023:03:29:31 +0000,GET,/css/styles.css,HTTP/1.1,-,200,534,http://127.0.0.1/,"Mozilla/5.0 (X11; Linux x86_64) AppleWebKit/537.36 (KHTML, like Gecko) Chrome/112.0.0.0 Safari/537.36",-,127.0.0.1,_,0.039
10.0.0.2,-,07/Apr/2023:03:29:31 +0000,GET,/js/react.production.min.js,HTTP/1.1,-,200,12682,http://127.0.0.1/,"Mozilla/5.0 (X11; Linux x86_64) AppleWebKit/537.36 (KHTML, like Gecko) Chrome/112.0.0.0 Safari/537.36",-,127.0.0.1,_,0.040
10.0.0.2,-,07/Apr/2023:03:29:31 +0000,GET,/js/react-dom.production.min.js,HTTP/1.1,-,200,108002,http://127.0.0.1/,"Mozilla/5.0 (X11; Linux x86_64) AppleWebKit/537.36 (KHTML, like Gecko) Chrome/112.0.0.0 Safari/537.36",-,127.0.0.1,_,0.041
10.0.0.2,-,07/Apr/2023:03:29:31 +0000,GET,/js/react-bootstrap.js,HTTP/1.1,-,200,545877,http://127.0.0.1/,"Mozilla/5.0 (X11; Linux x86_64) AppleWebKit/537.36 (KHTML, like Gecko) Chrome/112.0.0.0 Safari/537.36",-,127.0.0.1,_,0.042
10.0.0.2,-,07/Apr/2023:03:29:31 +0000,GET,/js/babel.min.js,HTTP/1.1,-,200,791236,http://127.0.0.1/,"Mozilla/5.0 (X11; Linux x86_64) AppleWebKit/537.36 (KHTML, like Gecko) Chrome/112.0.0.0 Safari/537.36",-,127.0.0.1,_,0.102
10.0.0.2,-,07/Apr/2023:03:29:31 +0000,GET,/js/app.js,HTTP/1.1,-,200,5371,http://127.0.0.1/,"Mozilla/5.0 (X11; Linux x86_64) AppleWebKit/537.36 (KHTML, like Gecko) Chrome/112.0.0.0 Safari/537.36",-,127.0.0.1,_,0.002
10.0.0.2,-,07/Apr/2023:03:29:31 +0000,GET,/favicon.ico,HTTP/1.1,-,404,150,http://127.0.0.1/,"Mozilla/5.0 (X11; Linux x86_64) AppleWebKit/537.36 (KHTML, like Gecko) Chrome/112.0.0.0 Safari/537.36",-,127.0.0.1,_,0.002
10.0.0.2,-,07/Apr/2023:03:29:31 +0000,GET,/items,HTTP/1.1,-,200,2,http://127.0.0.1/,"Mozilla/5.0 (X11; Linux x86_64) AppleWebKit/537.36 (KHTML, like Gecko) Chrome/112.0.0.0 Safari/537.36",-,127.0.0.1,_,0.002
10.0.0.2,-,07/Apr/2023:03:34:18 +0000,GET,/,HTTP/1.1,-,304,0,-,Mozilla/5.0 (X11; Ubuntu; Linux x86_64; rv:109.0) Gecko/20100101 Firefox/111.0,-,localhost,_,0.000
10.0.0.2,-,07/Apr/2023:03:34:18 +0000,GET,/css/bootstrap.min.css,HTTP/1.1,-,304,0,http://localhost/,Mozilla/5.0 (X11; Ubuntu; Linux x86_64; rv:109.0) Gecko/20100101 Firefox/111.0,-,localhost,_,0.001
10.0.0.2,-,07/Apr/2023:03:34:18 +0000,GET,/css/font-awesome/all.min.css,HTTP/1.1,-,304,0,http://localhost/,Mozilla/5.0 (X11; Ubuntu; Linux x86_64; rv:109.0) Gecko/20100101 Firefox/111.0,-,localhost,_,0.002
10.0.0.2,-,07/Apr/2023:03:34:18 +0000,GET,/css/styles.css,HTTP/1.1,-,304,0,http://localhost/,Mozilla/5.0 (X11; Ubuntu; Linux x86_64; rv:109.0) Gecko/20100101 Firefox/111.0,-,localhost,_,0.002
10.0.0.2,-,07/Apr/2023:03:34:18 +0000,GET,/js/react.production.min.js,HTTP/1.1,-,304,0,http://localhost/,Mozilla/5.0 (X11; Ubuntu; Linux x86_64; rv:109.0) Gecko/20100101 Firefox/111.0,-,localhost,_,0.002
10.0.0.2,-,07/Apr/2023:03:34:18 +0000,GET,/js/react-dom.production.min.js,HTTP/1.1,-,304,0,http://localhost/,Mozilla/5.0 (X11; Ubuntu; Linux x86_64; rv:109.0) Gecko/20100101 Firefox/111.0,-,localhost,_,0.003
10.0.0.2,-,07/Apr/2023:03:34:18 +0000,GET,/js/react-bootstrap.js,HTTP/1.1,-,304,0,http://localhost/,Mozilla/5.0 (X11; Ubuntu; Linux x86_64; rv:109.0) Gecko/20100101 Firefox/111.0,-,localhost,_,0.004
10.0.0.2,-,07/Apr/2023:03:34:18 +0000,GET,/js/babel.min.js,HTTP/1.1,-,304,0,http://localhost/,Mozilla/5.0 (X11; Ubuntu; Linux x86_64; rv:109.0) Gecko/20100101 Firefox/111.0,-,localhost,_,0.004
10.0.0.2,-,07/Apr/2023:03:34:18 +0000,GET,/js/app.js,HTTP/1.1,-,304,0,http://localhost/,Mozilla/5.0 (X11; Ubuntu; Linux x86_64; rv:109.0) Gecko/20100101 Firefox/111.0,-,localhost,_,0.001
10.0.0.2,-,07/Apr/2023:03:34:18 +0000,GET,/items,HTTP/1.1,-,200,2,http://localhost/,Mozilla/5.0 (X11; Ubuntu; Linux x86_64; rv:109.0) Gecko/20100101 Firefox/111.0,-,localhost,_,0.001
10.0.0.2,-,07/Apr/2023:03:34:36 +0000,POST,/items,HTTP/1.1,"{""name"":""ad""}",200,75,http://localhost/,Mozilla/5.0 (X11; Ubuntu; Linux x86_64; rv:109.0) Gecko/20100101 Firefox/111.0,-,localhost,_,0.273
10.0.0.2,-,07/Apr/2023:03:34:36 +0000,GET,/css/font-awesome/fa-regular-400.woff2,HTTP/1.1,-,304,0,http://localhost/css/font-awesome/all.min.css,Mozilla/5.0 (X11; Ubuntu; Linux x86_64; rv:109.0) Gecko/20100101 Firefox/111.0,-,localhost,_,0.003
10.0.0.2,-,07/Apr/2023:03:34:36 +0000,GET,/css/font-awesome/fa-solid-900.woff2,HTTP/1.1,-,304,0,http://localhost/css/font-awesome/all.min.css,Mozilla/5.0 (X11; Ubuntu; Linux x86_64; rv:109.0) Gecko/20100101 Firefox/111.0,-,localhost,_,0.032
10.0.0.2,-,07/Apr/2023:03:39:21 +0000,PUT,/items/7686f0be-386a-4000-bf53-9b9815b22515,HTTP/1.1,"{""name"":""ad"",""completed"":true}",200,74,http://localhost/,Mozilla/5.0 (X11; Ubuntu; Linux x86_64; rv:109.0) Gecko/20100101 Firefox/111.0,-,localhost,_,0.066
10.0.0.2,-,07/Apr/2023:03:39:23 +0000,PUT,/items/7686f0be-386a-4000-bf53-9b9815b22515,HTTP/1.1,"{""name"":""ad"",""completed"":false}",200,75,http://localhost/,Mozilla/5.0 (X11; Ubuntu; Linux x86_64; rv:109.0) Gecko/20100101 Firefox/111.0,-,localhost,_,0.064
10.0.0.2,-,07/Apr/2023:06:32:24 +0000,GET,/,HTTP/1.1,-,304,0,-,"Mozilla/5.0 (X11; Linux x86_64) AppleWebKit/537.36 (KHTML, like Gecko) Chrome/112.0.0.0 Safari/537.36",-,127.0.0.1,_,0.003
10.0.0.2,-,07/Apr/2023:06:32:24 +0000,GET,/css/bootstrap.min.css,HTTP/1.1,-,304,0,http://127.0.0.1/,"Mozilla/5.0 (X11; Linux x86_64) AppleWebKit/537.36 (KHTML, like Gecko) Chrome/112.0.0.0 Safari/537.36",-,127.0.0.1,_,0.001
10.0.0.2,-,07/Apr/2023:06:32:24 +0000,GET,/js/react-bootstrap.js,HTTP/1.1,-,304,0,http://127.0.0.1/,"Mozilla/5.0 (X11; Linux x86_64) AppleWebKit/537.36 (KHTML, like Gecko) Chrome/112.0.0.0 Safari/537.36",-,127.0.0.1,_,0.004
10.0.0.2,-,07/Apr/2023:06:32:24 +0000,GET,/css/font-awesome/all.min.css,HTTP/1.1,-,304,0,http://127.0.0.1/,"Mozilla/5.0 (X11; Linux x86_64) AppleWebKit/537.36 (KHTML, like Gecko) Chrome/112.0.0.0 Safari/537.36",-,127.0.0.1,_,0.005
10.0.0.2,-,07/Apr/2023:06:32:24 +0000,GET,/css/styles.css,HTTP/1.1,-,304,0,http://127.0.0.1/,"Mozilla/5.0 (X11; Linux x86_64) AppleWebKit/537.36 (KHTML, like Gecko) Chrome/112.0.0.0 Safari/537.36",-,127.0.0.1,_,0.005
10.0.0.2,-,07/Apr/2023:06:32:24 +0000,GET,/js/react.production.min.js,HTTP/1.1,-,304,0,http://127.0.0.1/,"Mozilla/5.0 (X11; Linux x86_64) AppleWebKit/537.36 (KHTML, like Gecko) Chrome/112.0.0.0 Safari/537.36",-,127.0.0.1,_,0.005
10.0.0.2,-,07/Apr/2023:06:32:24 +0000,GET,/js/react-dom.production.min.js,HTTP/1.1,-,304,0,http://127.0.0.1/,"Mozilla/5.0 (X11; Linux x86_64) AppleWebKit/537.36 (KHTML, like Gecko) Chrome/112.0.0.0 Safari/537.36",-,127.0.0.1,_,0.005
10.0.0.2,-,07/Apr/2023:06:32:24 +0000,GET,/js/babel.min.js,HTTP/1.1,-,304,0,http://127.0.0.1/,"Mozilla/5.0 (X11; Linux x86_64) AppleWebKit/537.36 (KHTML, like Gecko) Chrome/112.0.0.0 Safari/537.36",-,127.0.0.1,_,0.004
10.0.0.2,-,07/Apr/2023:06:32:24 +0000,GET,/js/app.js,HTTP/1.1,-,304,0,http://127.0.0.1/,"Mozilla/5.0 (X11; Linux x86_64) AppleWebKit/537.36 (KHTML, like Gecko) Chrome/112.0.0.0 Safari/537.36",-,127.0.0.1,_,0.000
10.0.0.2,-,07/Apr/2023:06:32:24 +0000,GET,/items,HTTP/1.1,-,200,77,http://127.0.0.1/,"Mozilla/5.0 (X11; Linux x86_64) AppleWebKit/537.36 (KHTML, like Gecko) Chrome/112.0.0.0 Safari/537.36",-,127.0.0.1,_,0.001
10.0.0.2,-,07/Apr/2023:06:32:24 +0000,GET,/css/font-awesome/fa-regular-400.woff2,HTTP/1.1,-,200,13584,http://127.0.0.1/css/font-awesome/all.min.css,"Mozilla/5.0 (X11; Linux x86_64) AppleWebKit/537.36 (KHTML, like Gecko) Chrome/112.0.0.0 Safari/537.36",-,127.0.0.1,_,0.038
10.0.0.2,-,07/Apr/2023:06:32:24 +0000,GET,/css/font-awesome/fa-solid-900.woff2,HTTP/1.1,-,200,75408,http://127.0.0.1/css/font-awesome/all.min.css,"Mozilla/5.0 (X11; Linux x86_64) AppleWebKit/537.36 (KHTML, like Gecko) Chrome/112.0.0.0 Safari/537.36",-,127.0.0.1,_,0.039
10.0.0.2,-,07/Apr/2023:06:32:25 +0000,GET,/,HTTP/1.1,-,304,0,-,"Mozilla/5.0 (X11; Linux x86_64) AppleWebKit/537.36 (KHTML, like Gecko) Chrome/112.0.0.0 Safari/537.36",-,127.0.0.1,_,0.003
10.0.0.2,-,07/Apr/2023:06:32:25 +0000,GET,/css/bootstrap.min.css,HTTP/1.1,-,304,0,http://127.0.0.1/,"Mozilla/5.0 (X11; Linux x86_64) AppleWebKit/537.36 (KHTML, like Gecko) Chrome/112.0.0.0 Safari/537.36",-,127.0.0.1,_,0.005
10.0.0.2,-,07/Apr/2023:06:32:25 +0000,GET,/css/font-awesome/all.min.css,HTTP/1.1,-,304,0,http://127.0.0.1/,"Mozilla/5.0 (X11; Linux x86_64) AppleWebKit/537.36 (KHTML, like Gecko) Chrome/112.0.0.0 Safari/537.36",-,127.0.0.1,_,0.005
10.0.0.2,-,07/Apr/2023:06:32:25 +0000,GET,/css/styles.css,HTTP/1.1,-,304,0,http://127.0.0.1/,"Mozilla/5.0 (X11; Linux x86_64) AppleWebKit/537.36 (KHTML, like Gecko) Chrome/112.0.0.0 Safari/537.36",-,127.0.0.1,_,0.005
10.0.0.2,-,07/Apr/2023:06:32:25 +0000,GET,/js/react.production.min.js,HTTP/1.1,-,304,0,http://127.0.0.1/,"Mozilla/5.0 (X11; Linux x86_64) AppleWebKit/537.36 (KHTML, like Gecko) Chrome/112.0.0.0 Safari/537.36",-,127.0.0.1,_,0.062
10.0.0.2,-,07/Apr/2023:06:32:25 +0000,GET,/js/react-dom.production.min.js,HTTP/1.1,-,304,0,http://127.0.0.1/,"Mozilla/5.0 (X11; Linux x86_64) AppleWebKit/537.36 (KHTML, like Gecko) Chrome/112.0.0.0 Safari/537.36",-,127.0.0.1,_,0.061
10.0.0.2,-,07/Apr/2023:06:32:25 +0000,GET,/js/react-bootstrap.js,HTTP/1.1,-,304,0,http://127.0.0.1/,"Mozilla/5.0 (X11; Linux x86_64) AppleWebKit/537.36 (KHTML, like Gecko) Chrome/112.0.0.0 Safari/537.36",-,127.0.0.1,_,0.062
10.0.0.2,-,07/Apr/2023:06:32:25 +0000,GET,/js/babel.min.js,HTTP/1.1,-,304,0,http://127.0.0.1/,"Mozilla/5.0 (X11; Linux x86_64) AppleWebKit/537.36 (KHTML, like Gecko) Chrome/112.0.0.0 Safari/537.36",-,127.0.0.1,_,0.055
10.0.0.2,-,07/Apr/2023:06:32:25 +0000,GET,/js/app.js,HTTP/1.1,-,304,0,http://127.0.0.1/,"Mozilla/5.0 (X11; Linux x86_64) AppleWebKit/537.36 (KHTML, like Gecko) Chrome/112.0.0.0 Safari/537.36",-,127.0.0.1,_,0.001
10.0.0.2,-,07/Apr/2023:06:32:25 +0000,GET,/items,HTTP/1.1,-,304,0,http://127.0.0.1/,"Mozilla/5.0 (X11; Linux x86_64) AppleWebKit/537.36 (KHTML, like Gecko) Chrome/112.0.0.0 Safari/537.36",-,127.0.0.1,_,0.001
10.0.0.2,-,07/Apr/2023:06:32:25 +0000,GET,/,HTTP/1.1,-,304,0,-,"Mozilla/5.0 (X11; Linux x86_64) AppleWebKit/537.36 (KHTML, like Gecko) Chrome/112.0.0.0 Safari/537.36",-,127.0.0.1,_,0.002
10.0.0.2,-,07/Apr/2023:06:32:25 +0000,GET,/css/bootstrap.min.css,HTTP/1.1,-,304,0,http://127.0.0.1/,"Mozilla/5.0 (X11; Linux x86_64) AppleWebKit/537.36 (KHTML, like Gecko) Chrome/112.0.0.0 Safari/537.36",-,127.0.0.1,_,0.002
10.0.0.2,-,07/Apr/2023:06:32:25 +0000,GET,/css/font-awesome/all.min.css,HTTP/1.1,-,304,0,http://127.0.0.1/,"Mozilla/5.0 (X11; Linux x86_64) AppleWebKit/537.36 (KHTML, like Gecko) Chrome/112.0.0.0 Safari/537.36",-,127.0.0.1,_,0.004
10.0.0.2,-,07/Apr/2023:06:32:25 +0000,GET,/css/styles.css,HTTP/1.1,-,304,0,http://127.0.0.1/,"Mozilla/5.0 (X11; Linux x86_64) AppleWebKit/537.36 (KHTML, like Gecko) Chrome/112.0.0.0 Safari/537.36",-,127.0.0.1,_,0.003
10.0.0.2,-,07/Apr/2023:06:32:25 +0000,GET,/js/react.production.min.js,HTTP/1.1,-,304,0,http://127.0.0.1/,"Mozilla/5.0 (X11; Linux x86_64) AppleWebKit/537.36 (KHTML, like Gecko) Chrome/112.0.0.0 Safari/537.36",-,127.0.0.1,_,0.004
10.0.0.2,-,07/Apr/2023:06:32:25 +0000,GET,/js/react-dom.production.min.js,HTTP/1.1,-,304,0,http://127.0.0.1/,"Mozilla/5.0 (X11; Linux x86_64) AppleWebKit/537.36 (KHTML, like Gecko) Chrome/112.0.0.0 Safari/537.36",-,127.0.0.1,_,0.004
10.0.0.2,-,07/Apr/2023:06:32:25 +0000,GET,/js/react-bootstrap.js,HTTP/1.1,-,304,0,http://127.0.0.1/,"Mozilla/5.0 (X11; Linux x86_64) AppleWebKit/537.36 (KHTML, like Gecko) Chrome/112.0.0.0 Safari/537.36",-,127.0.0.1,_,0.004
10.0.0.2,-,07/Apr/2023:06:32:25 +0000,GET,/js/babel.min.js,HTTP/1.1,-,304,0,http://127.0.0.1/,"Mozilla/5.0 (X11; Linux x86_64) AppleWebKit/537.36 (KHTML, like Gecko) Chrome/112.0.0.0 Safari/537.36",-,127.0.0.1,_,0.003
10.0.0.2,-,07/Apr/2023:06:32:25 +0000,GET,/js/app.js,HTTP/1.1,-,304,0,http://127.0.0.1/,"Mozilla/5.0 (X11; Linux x86_64) AppleWebKit/537.36 (KHTML, like Gecko) Chrome/112.0.0.0 Safari/537.36",-,127.0.0.1,_,0.039
10.0.0.2,-,07/Apr/2023:06:32:25 +0000,GET,/,HTTP/1.1,-,304,0,-,"Mozilla/5.0 (X11; Linux x86_64) AppleWebKit/537.36 (KHTML, like Gecko) Chrome/112.0.0.0 Safari/537.36",-,127.0.0.1,_,0.001
10.0.0.2,-,07/Apr/2023:06:32:25 +0000,GET,/css/bootstrap.min.css,HTTP/1.1,-,304,0,http://127.0.0.1/,"Mozilla/5.0 (X11; Linux x86_64) AppleWebKit/537.36 (KHTML, like Gecko) Chrome/112.0.0.0 Safari/537.36",-,127.0.0.1,_,0.003
10.0.0.2,-,07/Apr/2023:06:32:25 +0000,GET,/css/font-awesome/all.min.css,HTTP/1.1,-,304,0,http://127.0.0.1/,"Mozilla/5.0 (X11; Linux x86_64) AppleWebKit/537.36 (KHTML, like Gecko) Chrome/112.0.0.0 Safari/537.36",-,127.0.0.1,_,0.003
10.0.0.2,-,07/Apr/2023:06:32:25 +0000,GET,/js/react.production.min.js,HTTP/1.1,-,304,0,http://127.0.0.1/,"Mozilla/5.0 (X11; Linux x86_64) AppleWebKit/537.36 (KHTML, like Gecko) Chrome/112.0.0.0 Safari/537.36",-,127.0.0.1,_,0.003
10.0.0.2,-,07/Apr/2023:06:32:25 +0000,GET,/css/styles.css,HTTP/1.1,-,304,0,http://127.0.0.1/,"Mozilla/5.0 (X11; Linux x86_64) AppleWebKit/537.36 (KHTML, like Gecko) Chrome/112.0.0.0 Safari/537.36",-,127.0.0.1,_,0.004
10.0.0.2,-,07/Apr/2023:06:32:25 +0000,GET,/js/react-dom.production.min.js,HTTP/1.1,-,304,0,http://127.0.0.1/,"Mozilla/5.0 (X11; Linux x86_64) AppleWebKit/537.36 (KHTML, like Gecko) Chrome/112.0.0.0 Safari/537.36",-,127.0.0.1,_,0.004
10.0.0.2,-,07/Apr/2023:06:32:25 +0000,GET,/js/react-bootstrap.js,HTTP/1.1,-,304,0,http://127.0.0.1/,"Mozilla/5.0 (X11; Linux x86_64) AppleWebKit/537.36 (KHTML, like Gecko) Chrome/112.0.0.0 Safari/537.36",-,127.0.0.1,_,0.004
10.0.0.2,-,07/Apr/2023:06:32:25 +0000,GET,/js/babel.min.js,HTTP/1.1,-,304,0,http://127.0.0.1/,"Mozilla/5.0 (X11; Linux x86_64) AppleWebKit/537.36 (KHTML, like Gecko) Chrome/112.0.0.0 Safari/537.36",-,127.0.0.1,_,0.001
10.0.0.2,-,07/Apr/2023:06:32:25 +0000,GET,/js/app.js,HTTP/1.1,-,304,0,http://127.0.0.1/,"Mozilla/5.0 (X11; Linux x86_64) AppleWebKit/537.36 (KHTML, like Gecko) Chrome/112.0.0.0 Safari/537.36",-,127.0.0.1,_,0.006
10.0.0.2,-,07/Apr/2023:06:32:25 +0000,GET,/items,HTTP/1.1,-,304,0,http://127.0.0.1/,"Mozilla/5.0 (X11; Linux x86_64) AppleWebKit/537.36 (KHTML, like Gecko) Chrome/112.0.0.0 Safari/537.36",-,127.0.0.1,_,0.002
10.0.0.2,-,07/Apr/2023:06:32:26 +0000,GET,/,HTTP/1.1,-,304,0,-,"Mozilla/5.0 (X11; Linux x86_64) AppleWebKit/537.36 (KHTML, like Gecko) Chrome/112.0.0.0 Safari/537.36",-,127.0.0.1,_,0.002
10.0.0.2,-,07/Apr/2023:06:32:26 +0000,GET,/css/bootstrap.min.css,HTTP/1.1,-,304,0,http://127.0.0.1/,"Mozilla/5.0 (X11; Linux x86_64) AppleWebKit/537.36 (KHTML, like Gecko) Chrome/112.0.0.0 Safari/537.36",-,127.0.0.1,_,0.002
10.0.0.2,-,07/Apr/2023:06:32:26 +0000,GET,/css/font-awesome/all.min.css,HTTP/1.1,-,304,0,http://127.0.0.1/,"Mozilla/5.0 (X11; Linux x86_64) AppleWebKit/537.36 (KHTML, like Gecko) Chrome/112.0.0.0 Safari/537.36",-,127.0.0.1,_,0.003
10.0.0.2,-,07/Apr/2023:06:32:26 +0000,GET,/css/styles.css,HTTP/1.1,-,304,0,http://127.0.0.1/,"Mozilla/5.0 (X11; Linux x86_64) AppleWebKit/537.36 (KHTML, like Gecko) Chrome/112.0.0.0 Safari/537.36",-,127.0.0.1,_,0.004
10.0.0.2,-,07/Apr/2023:06:32:26 +0000,GET,/js/react-dom.production.min.js,HTTP/1.1,-,304,0,http://127.0.0.1/,"Mozilla/5.0 (X11; Linux x86_64) AppleWebKit/537.36 (KHTML, like Gecko) Chrome/112.0.0.0 Safari/537.36",-,127.0.0.1,_,0.004
10.0.0.2,-,07/Apr/2023:06:32:26 +0000,GET,/js/react.production.min.js,HTTP/1.1,-,304,0,http://127.0.0.1/,"Mozilla/5.0 (X11; Linux x86_64) AppleWebKit/537.36 (KHTML, like Gecko) Chrome/112.0.0.0 Safari/537.36",-,127.0.0.1,_,0.004
10.0.0.2,-,07/Apr/2023:06:32:26 +0000,GET,/js/react-bootstrap.js,HTTP/1.1,-,304,0,http://127.0.0.1/,"Mozilla/5.0 (X11; Linux x86_64) AppleWebKit/537.36 (KHTML, like Gecko) Chrome/112.0.0.0 Safari/537.36",-,127.0.0.1,_,0.005
10.0.0.2,-,07/Apr/2023:06:32:26 +0000,GET,/js/babel.min.js,HTTP/1.1,-,304,0,http://127.0.0.1/,"Mozilla/5.0 (X11; Linux x86_64) AppleWebKit/537.36 (KHTML, like Gecko) Chrome/112.0.0.0 Safari/537.36",-,127.0.0.1,_,0.004
10.0.0.2,-,07/Apr/2023:06:32:26 +0000,GET,/js/app.js,HTTP/1.1,-,304,0,http://127.0.0.1/,"Mozilla/5.0 (X11; Linux x86_64) AppleWebKit/537.36 (KHTML, like Gecko) Chrome/112.0.0.0 Safari/537.36",-,127.0.0.1,_,0.025
10.0.0.2,-,07/Apr/2023:06:32:26 +0000,GET,/items,HTTP/1.1,-,304,0,http://127.0.0.1/,"Mozilla/5.0 (X11; Linux x86_64) AppleWebKit/537.36 (KHTML, like Gecko) Chrome/112.0.0.0 Safari/537.36",-,127.0.0.1,_,0.001
10.0.0.2,-,07/Apr/2023:06:32:26 +0000,GET,/,HTTP/1.1,-,304,0,-,"Mozilla/5.0 (X11; Linux x86_64) AppleWebKit/537.36 (KHTML, like Gecko) Chrome/112.0.0.0 Safari/537.36",-,127.0.0.1,_,0.001
10.0.0.2,-,07/Apr/2023:06:32:26 +0000,GET,/css/bootstrap.min.css,HTTP/1.1,-,304,0,http://127.0.0.1/,"Mozilla/5.0 (X11; Linux x86_64) AppleWebKit/537.36 (KHTML, like Gecko) Chrome/112.0.0.0 Safari/537.36",-,127.0.0.1,_,0.002
10.0.0.2,-,07/Apr/2023:06:32:26 +0000,GET,/js/react.production.min.js,HTTP/1.1,-,304,0,http://127.0.0.1/,"Mozilla/5.0 (X11; Linux x86_64) AppleWebKit/537.36 (KHTML, like Gecko) Chrome/112.0.0.0 Safari/537.36",-,127.0.0.1,_,0.002
10.0.0.2,-,07/Apr/2023:06:32:26 +0000,GET,/css/font-awesome/all.min.css,HTTP/1.1,-,304,0,http://127.0.0.1/,"Mozilla/5.0 (X11; Linux x86_64) AppleWebKit/537.36 (KHTML, like Gecko) Chrome/112.0.0.0 Safari/537.36",-,127.0.0.1,_,0.002
10.0.0.2,-,07/Apr/2023:06:32:26 +0000,GET,/css/styles.css,HTTP/1.1,-,304,0,http://127.0.0.1/,"Mozilla/5.0 (X11; Linux x86_64) AppleWebKit/537.36 (KHTML, like Gecko) Chrome/112.0.0.0 Safari/537.36",-,127.0.0.1,_,0.003
10.0.0.2,-,07/Apr/2023:06:32:26 +0000,GET,/js/react-dom.production.min.js,HTTP/1.1,-,304,0,http://127.0.0.1/,"Mozilla/5.0 (X11; Linux x86_64) AppleWebKit/537.36 (KHTML, like Gecko) Chrome/112.0.0.0 Safari/537.36",-,127.0.0.1,_,0.002
10.0.0.2,-,07/Apr/2023:06:32:26 +0000,GET,/js/react-bootstrap.js,HTTP/1.1,-,304,0,http://127.0.0.1/,"Mozilla/5.0 (X11; Linux x86_64) AppleWebKit/537.36 (KHTML, like Gecko) Chrome/112.0.0.0 Safari/537.36",-,127.0.0.1,_,0.002
10.0.0.2,-,07/Apr/2023:06:32:26 +0000,GET,/js/babel.min.js,HTTP/1.1,-,304,0,http://127.0.0.1/,"Mozilla/5.0 (X11; Linux x86_64) AppleWebKit/537.36 (KHTML, like Gecko) Chrome/112.0.0.0 Safari/537.36",-,127.0.0.1,_,0.001
10.0.0.2,-,07/Apr/2023:06:32:26 +0000,GET,/js/app.js,HTTP/1.1,-,304,0,http://127.0.0.1/,"Mozilla/5.0 (X11; Linux x86_64) AppleWebKit/537.36 (KHTML, like Gecko) Chrome/112.0.0.0 Safari/537.36",-,127.0.0.1,_,0.000
10.0.0.2,-,07/Apr/2023:06:32:26 +0000,GET,/items,HTTP/1.1,-,304,0,http://127.0.0.1/,"Mozilla/5.0 (X11; Linux x86_64) AppleWebKit/537.36 (KHTML, like Gecko) Chrome/112.0.0.0 Safari/537.36",-,127.0.0.1,_,0.001
10.0.0.2,-,07/Apr/2023:06:32:26 +0000,GET,/,HTTP/1.1,-,304,0,-,"Mozilla/5.0 (X11; Linux x86_64) AppleWebKit/537.36 (KHTML, like Gecko) Chrome/112.0.0.0 Safari/537.36",-,127.0.0.1,_,0.002
10.0.0.2,-,07/Apr/2023:06:32:26 +0000,GET,/css/bootstrap.min.css,HTTP/1.1,-,304,0,http://127.0.0.1/,"Mozilla/5.0 (X11; Linux x86_64) AppleWebKit/537.36 (KHTML, like Gecko) Chrome/112.0.0.0 Safari/537.36",-,127.0.0.1,_,0.004
10.0.0.2,-,07/Apr/2023:06:32:26 +0000,GET,/css/font-awesome/all.min.css,HTTP/1.1,-,304,0,http://127.0.0.1/,"Mozilla/5.0 (X11; Linux x86_64) AppleWebKit/537.36 (KHTML, like Gecko) Chrome/112.0.0.0 Safari/537.36",-,127.0.0.1,_,0.005
10.0.0.2,-,07/Apr/2023:06:32:26 +0000,GET,/css/styles.css,HTTP/1.1,-,304,0,http://127.0.0.1/,"Mozilla/5.0 (X11; Linux x86_64) AppleWebKit/537.36 (KHTML, like Gecko) Chrome/112.0.0.0 Safari/537.36",-,127.0.0.1,_,0.005
10.0.0.2,-,07/Apr/2023:06:32:26 +0000,GET,/js/react.production.min.js,HTTP/1.1,-,304,0,http://127.0.0.1/,"Mozilla/5.0 (X11; Linux x86_64) AppleWebKit/537.36 (KHTML, like Gecko) Chrome/112.0.0.0 Safari/537.36",-,127.0.0.1,_,0.006
10.0.0.2,-,07/Apr/2023:06:32:26 +0000,GET,/js/react-bootstrap.js,HTTP/1.1,-,304,0,http://127.0.0.1/,"Mozilla/5.0 (X11; Linux x86_64) AppleWebKit/537.36 (KHTML, like Gecko) Chrome/112.0.0.0 Safari/537.36",-,127.0.0.1,_,0.005
10.0.0.2,-,07/Apr/2023:06:32:26 +0000,GET,/js/react-dom.production.min.js,HTTP/1.1,-,304,0,http://127.0.0.1/,"Mozilla/5.0 (X11; Linux x86_64) AppleWebKit/537.36 (KHTML, like Gecko) Chrome/112.0.0.0 Safari/537.36",-,127.0.0.1,_,0.007
10.0.0.2,-,07/Apr/2023:06:32:26 +0000,GET,/js/babel.min.js,HTTP/1.1,-,304,0,http://127.0.0.1/,"Mozilla/5.0 (X11; Linux x86_64) AppleWebKit/537.36 (KHTML, like Gecko) Chrome/112.0.0.0 Safari/537.36",-,127.0.0.1,_,0.001
10.0.0.2,-,07/Apr/2023:06:32:26 +0000,GET,/js/app.js,HTTP/1.1,-,304,0,http://127.0.0.1/,"Mozilla/5.0 (X11; Linux x86_64) AppleWebKit/537.36 (KHTML, like Gecko) Chrome/112.0.0.0 Safari/537.36",-,127.0.0.1,_,0.015
10.0.0.2,-,07/Apr/2023:06:32:26 +0000,GET,/,HTTP/1.1,-,304,0,-,"Mozilla/5.0 (X11; Linux x86_64) AppleWebKit/537.36 (KHTML, like Gecko) Chrome/112.0.0.0 Safari/537.36",-,127.0.0.1,_,0.001
10.0.0.2,-,07/Apr/2023:06:32:26 +0000,GET,/css/bootstrap.min.css,HTTP/1.1,-,304,0,http://127.0.0.1/,"Mozilla/5.0 (X11; Linux x86_64) AppleWebKit/537.36 (KHTML, like Gecko) Chrome/112.0.0.0 Safari/537.36",-,127.0.0.1,_,0.011
10.0.0.2,-,07/Apr/2023:06:32:26 +0000,GET,/css/font-awesome/all.min.css,HTTP/1.1,-,304,0,http://127.0.0.1/,"Mozilla/5.0 (X11; Linux x86_64) AppleWebKit/537.36 (KHTML, like Gecko) Chrome/112.0.0.0 Safari/537.36",-,127.0.0.1,_,0.011
10.0.0.2,-,07/Apr/2023:06:32:26 +0000,GET,/css/styles.css,HTTP/1.1,-,304,0,http://127.0.0.1/,"Mozilla/5.0 (X11; Linux x86_64) AppleWebKit/537.36 (KHTML, like Gecko) Chrome/112.0.0.0 Safari/537.36",-,127.0.0.1,_,0.011
10.0.0.2,-,07/Apr/2023:06:32:26 +0000,GET,/js/react.production.min.js,HTTP/1.1,-,304,0,http://127.0.0.1/,"Mozilla/5.0 (X11; Linux x86_64) AppleWebKit/537.36 (KHTML, like Gecko) Chrome/112.0.0.0 Safari/537.36",-,127.0.0.1,_,0.010
10.0.0.2,-,07/Apr/2023:06:32:26 +0000,GET,/js/react-dom.production.min.js,HTTP/1.1,-,304,0,http://127.0.0.1/,"Mozilla/5.0 (X11; Linux x86_64) AppleWebKit/537.36 (KHTML, like Gecko) Chrome/112.0.0.0 Safari/537.36",-,127.0.0.1,_,0.011
10.0.0.2,-,07/Apr/2023:06:32:26 +0000,GET,/js/react-bootstrap.js,HTTP/1.1,-,304,0,http://127.0.0.1/,"Mozilla/5.0 (X11; Linux x86_64) AppleWebKit/537.36 (KHTML, like Gecko) Chrome/112.0.0.0 Safari/537.36",-,127.0.0.1,_,0.011
10.0.0.2,-,07/Apr/2023:06:32:26 +0000,GET,/js/babel.min.js,HTTP/1.1,-,304,0,http://127.0.0.1/,"Mozilla/5.0 (X11; Linux x86_64) AppleWebKit/537.36 (KHTML, like Gecko) Chrome/112.0.0.0 Safari/537.36",-,127.0.0.1,_,0.000
10.0.0.2,-,07/Apr/2023:06:32:26 +0000,GET,/js/app.js,HTTP/1.1,-,304,0,http://127.0.0.1/,"Mozilla/5.0 (X11; Linux x86_64) AppleWebKit/537.36 (KHTML, like Gecko) Chrome/112.0.0.0 Safari/537.36",-,127.0.0.1,_,0.001
10.0.0.2,-,07/Apr/2023:06:32:26 +0000,GET,/items,HTTP/1.1,-,304,0,http://127.0.0.1/,"Mozilla/5.0 (X11; Linux x86_64) AppleWebKit/537.36 (KHTML, like Gecko) Chrome/112.0.0.0 Safari/537.36",-,127.0.0.1,_,0.024
10.0.0.2,-,07/Apr/2023:06:32:26 +0000,GET,/,HTTP/1.1,-,304,0,-,"Mozilla/5.0 (X11; Linux x86_64) AppleWebKit/537.36 (KHTML, like Gecko) Chrome/112.0.0.0 Safari/537.36",-,127.0.0.1,_,0.001
10.0.0.2,-,07/Apr/2023:06:32:26 +0000,GET,/css/bootstrap.min.css,HTTP/1.1,-,304,0,http://127.0.0.1/,"Mozilla/5.0 (X11; Linux x86_64) AppleWebKit/537.36 (KHTML, like Gecko) Chrome/112.0.0.0 Safari/537.36",-,127.0.0.1,_,0.003
10.0.0.2,-,07/Apr/2023:06:32:26 +0000,GET,/css/font-awesome/all.min.css,HTTP/1.1,-,304,0,http://127.0.0.1/,"Mozilla/5.0 (X11; Linux x86_64) AppleWebKit/537.36 (KHTML, like Gecko) Chrome/112.0.0.0 Safari/537.36",-,127.0.0.1,_,0.003
10.0.0.2,-,07/Apr/2023:06:32:26 +0000,GET,/css/styles.css,HTTP/1.1,-,304,0,http://127.0.0.1/,"Mozilla/5.0 (X11; Linux x86_64) AppleWebKit/537.36 (KHTML, like Gecko) Chrome/112.0.0.0 Safari/537.36",-,127.0.0.1,_,0.003
10.0.0.2,-,07/Apr/2023:06:32:26 +0000,GET,/js/react.production.min.js,HTTP/1.1,-,304,0,http://127.0.0.1/,"Mozilla/5.0 (X11; Linux x86_64) AppleWebKit/537.36 (KHTML, like Gecko) Chrome/112.0.0.0 Safari/537.36",-,127.0.0.1,_,0.004
10.0.0.2,-,07/Apr/2023:06:32:26 +0000,GET,/js/react-bootstrap.js,HTTP/1.1,-,304,0,http://127.0.0.1/,"Mozilla/5.0 (X11; Linux x86_64) AppleWebKit/537.36 (KHTML, like Gecko) Chrome/112.0.0.0 Safari/537.36",-,127.0.0.1,_,0.004
10.0.0.2,-,07/Apr/2023:06:32:26 +0000,GET,/js/react-dom.production.min.js,HTTP/1.1,-,304,0,http://127.0.0.1/,"Mozilla/5.0 (X11; Linux x86_64) AppleWebKit/537.36 (KHTML, like Gecko) Chrome/112.0.0.0 Safari/537.36",-,127.0.0.1,_,0.004
10.0.0.2,-,07/Apr/2023:06:32:26 +0000,GET,/js/babel.min.js,HTTP/1.1,-,304,0,http://127.0.0.1/,"Mozilla/5.0 (X11; Linux x86_64) AppleWebKit/537.36 (KHTML, like Gecko) Chrome/112.0.0.0 Safari/537.36",-,127.0.0.1,_,0.001
10.0.0.2,-,07/Apr/2023:06:32:26 +0000,GET,/js/app.js,HTTP/1.1,-,304,0,http://127.0.0.1/,"Mozilla/5.0 (X11; Linux x86_64) AppleWebKit/537.36 (KHTML, like Gecko) Chrome/112.0.0.0 Safari/537.36",-,127.0.0.1,_,0.007
10.0.0.2,-,07/Apr/2023:06:32:26 +0000,GET,/items,HTTP/1.1,-,304,0,http://127.0.0.1/,"Mozilla/5.0 (X11; Linux x86_64) AppleWebKit/537.36 (KHTML, like Gecko) Chrome/112.0.0.0 Safari/537.36",-,127.0.0.1,_,0.001
10.0.0.2,-,07/Apr/2023:06:32:26 +0000,GET,/,HTTP/1.1,-,304,0,-,"Mozilla/5.0 (X11; Linux x86_64) AppleWebKit/537.36 (KHTML, like Gecko) Chrome/112.0.0.0 Safari/537.36",-,127.0.0.1,_,0.001
10.0.0.2,-,07/Apr/2023:06:32:26 +0000,GET,/css/bootstrap.min.css,HTTP/1.1,-,304,0,http://127.0.0.1/,"Mozilla/5.0 (X11; Linux x86_64) AppleWebKit/537.36 (KHTML, like Gecko) Chrome/112.0.0.0 Safari/537.36",-,127.0.0.1,_,0.004
10.0.0.2,-,07/Apr/2023:06:32:26 +0000,GET,/css/font-awesome/all.min.css,HTTP/1.1,-,304,0,http://127.0.0.1/,"Mozilla/5.0 (X11; Linux x86_64) AppleWebKit/537.36 (KHTML, like Gecko) Chrome/112.0.0.0 Safari/537.36",-,127.0.0.1,_,0.004
10.0.0.2,-,07/Apr/2023:06:32:26 +0000,GET,/css/styles.css,HTTP/1.1,-,304,0,http://127.0.0.1/,"Mozilla/5.0 (X11; Linux x86_64) AppleWebKit/537.36 (KHTML, like Gecko) Chrome/112.0.0.0 Safari/537.36",-,127.0.0.1,_,0.004
10.0.0.2,-,07/Apr/2023:06:32:26 +0000,GET,/js/react.production.min.js,HTTP/1.1,-,304,0,http://127.0.0.1/,"Mozilla/5.0 (X11; Linux x86_64) AppleWebKit/537.36 (KHTML, like Gecko) Chrome/112.0.0.0 Safari/537.36",-,127.0.0.1,_,0.005
10.0.0.2,-,07/Apr/2023:06:32:26 +0000,GET,/js/react-dom.production.min.js,HTTP/1.1,-,304,0,http://127.0.0.1/,"Mozilla/5.0 (X11; Linux x86_64) AppleWebKit/537.36 (KHTML, like Gecko) Chrome/112.0.0.0 Safari/537.36",-,127.0.0.1,_,0.004
10.0.0.2,-,07/Apr/2023:06:32:26 +0000,GET,/js/react-bootstrap.js,HTTP/1.1,-,304,0,http://127.0.0.1/,"Mozilla/5.0 (X11; Linux x86_64) AppleWebKit/537.36 (KHTML, like Gecko) Chrome/112.0.0.0 Safari/537.36",-,127.0.0.1,_,0.004
10.0.0.2,-,07/Apr/2023:06:32:26 +0000,GET,/js/babel.min.js,HTTP/1.1,-,304,0,http://127.0.0.1/,"Mozilla/5.0 (X11; Linux x86_64) AppleWebKit/537.36 (KHTML, like Gecko) Chrome/112.0.0.0 Safari/537.36",-,127.0.0.1,_,0.001
10.0.0.2,-,07/Apr/2023:06:32:26 +0000,GET,/js/app.js,HTTP/1.1,-,304,0,http://127.0.0.1/,"Mozilla/5.0 (X11; Linux x86_64) AppleWebKit/537.36 (KHTML, like Gecko) Chrome/112.0.0.0 Safari/537.36",-,127.0.0.1,_,0.001
10.0.0.2,-,07/Apr/2023:06:32:26 +0000,GET,/items,HTTP/1.1,-,304,0,http://127.0.0.1/,"Mozilla/5.0 (X11; Linux x86_64) AppleWebKit/537.36 (KHTML, like Gecko) Chrome/112.0.0.0 Safari/537.36",-,127.0.0.1,_,0.001
10.0.0.2,-,07/Apr/2023:06:34:22 +0000,POST,/,HTTP/1.1,{name:,404,140,-,curl/7.81.0,-,localhost,_,0.002
10.0.0.2,-,07/Apr/2023:06:34:57 +0000,POST,/,HTTP/1.1,{name:,404,140,-,curl/7.81.0,-,localhost,_,0.003
10.0.0.2,-,07/Apr/2023:06:36:19 +0000,POST,/,HTTP/1.1,{x22namex22:,404,140,-,curl/7.81.0,-,localhost,_,0.002
10.0.0.2,-,07/Apr/2023:06:36:23 +0000,POST,/,HTTP/1.1,{x22namex22:,404,140,-,curl/7.81.0,-,localhost,_,0.003
10.0.0.2,-,07/Apr/2023:06:36:57 +0000,GET,/,HTTP/1.1,-,304,0,-,Mozilla/5.0 (X11; Ubuntu; Linux x86_64; rv:109.0) Gecko/20100101 Firefox/111.0,-,localhost,_,0.001
10.0.0.2,-,07/Apr/2023:06:36:57 +0000,GET,/css/bootstrap.min.css,HTTP/1.1,-,304,0,http://localhost/,Mozilla/5.0 (X11; Ubuntu; Linux x86_64; rv:109.0) Gecko/20100101 Firefox/111.0,-,localhost,_,0.001
10.0.0.2,-,07/Apr/2023:06:36:57 +0000,GET,/css/font-awesome/all.min.css,HTTP/1.1,-,304,0,http://localhost/,Mozilla/5.0 (X11; Ubuntu; Linux x86_64; rv:109.0) Gecko/20100101 Firefox/111.0,-,localhost,_,0.002
10.0.0.2,-,07/Apr/2023:06:36:57 +0000,GET,/css/styles.css,HTTP/1.1,-,304,0,http://localhost/,Mozilla/5.0 (X11; Ubuntu; Linux x86_64; rv:109.0) Gecko/20100101 Firefox/111.0,-,localhost,_,0.003
10.0.0.2,-,07/Apr/2023:06:36:57 +0000,GET,/js/react-bootstrap.js,HTTP/1.1,-,304,0,http://localhost/,Mozilla/5.0 (X11; Ubuntu; Linux x86_64; rv:109.0) Gecko/20100101 Firefox/111.0,-,localhost,_,0.000
10.0.0.2,-,07/Apr/2023:06:36:57 +0000,GET,/js/react.production.min.js,HTTP/1.1,-,304,0,http://localhost/,Mozilla/5.0 (X11; Ubuntu; Linux x86_64; rv:109.0) Gecko/20100101 Firefox/111.0,-,localhost,_,0.004
10.0.0.2,-,07/Apr/2023:06:36:57 +0000,GET,/js/react-dom.production.min.js,HTTP/1.1,-,304,0,http://localhost/,Mozilla/5.0 (X11; Ubuntu; Linux x86_64; rv:109.0) Gecko/20100101 Firefox/111.0,-,localhost,_,0.003
10.0.0.2,-,07/Apr/2023:06:36:57 +0000,GET,/js/babel.min.js,HTTP/1.1,-,304,0,http://localhost/,Mozilla/5.0 (X11; Ubuntu; Linux x86_64; rv:109.0) Gecko/20100101 Firefox/111.0,-,localhost,_,0.001
10.0.0.2,-,07/Apr/2023:06:36:57 +0000,GET,/js/app.js,HTTP/1.1,-,304,0,http://localhost/,Mozilla/5.0 (X11; Ubuntu; Linux x86_64; rv:109.0) Gecko/20100101 Firefox/111.0,-,localhost,_,0.001
10.0.0.2,-,07/Apr/2023:06:36:57 +0000,GET,/items,HTTP/1.1,-,200,77,http://localhost/,Mozilla/5.0 (X11; Ubuntu; Linux x86_64; rv:109.0) Gecko/20100101 Firefox/111.0,-,localhost,_,0.002
10.0.0.2,-,07/Apr/2023:06:37:04 +0000,POST,/items,HTTP/1.1,"{""name"":""das""}",200,76,http://localhost/,Mozilla/5.0 (X11; Ubuntu; Linux x86_64; rv:109.0) Gecko/20100101 Firefox/111.0,-,localhost,_,0.065
10.0.0.2,-,07/Apr/2023:06:37:51 +0000,POST,/items,HTTP/1.1,{name:Helloworld},200,63,-,curl/7.81.0,-,localhost,_,0.064
10.0.0.2,-,07/Apr/2023:06:37:58 +0000,GET,/,HTTP/1.1,-,304,0,-,Mozilla/5.0 (X11; Ubuntu; Linux x86_64; rv:109.0) Gecko/20100101 Firefox/111.0,-,localhost,_,0.001
10.0.0.2,-,07/Apr/2023:06:37:58 +0000,GET,/css/styles.css,HTTP/1.1,-,304,0,http://localhost/,Mozilla/5.0 (X11; Ubuntu; Linux x86_64; rv:109.0) Gecko/20100101 Firefox/111.0,-,localhost,_,0.002
10.0.0.2,-,07/Apr/2023:06:37:58 +0000,GET,/css/bootstrap.min.css,HTTP/1.1,-,304,0,http://localhost/,Mozilla/5.0 (X11; Ubuntu; Linux x86_64; rv:109.0) Gecko/20100101 Firefox/111.0,-,localhost,_,0.003
10.0.0.2,-,07/Apr/2023:06:37:58 +0000,GET,/css/font-awesome/all.min.css,HTTP/1.1,-,304,0,http://localhost/,Mozilla/5.0 (X11; Ubuntu; Linux x86_64; rv:109.0) Gecko/20100101 Firefox/111.0,-,localhost,_,0.003
10.0.0.2,-,07/Apr/2023:06:37:58 +0000,GET,/js/react.production.min.js,HTTP/1.1,-,304,0,http://localhost/,Mozilla/5.0 (X11; Ubuntu; Linux x86_64; rv:109.0) Gecko/20100101 Firefox/111.0,-,localhost,_,0.003
10.0.0.2,-,07/Apr/2023:06:37:58 +0000,GET,/js/react-dom.production.min.js,HTTP/1.1,-,304,0,http://localhost/,Mozilla/5.0 (X11; Ubuntu; Linux x86_64; rv:109.0) Gecko/20100101 Firefox/111.0,-,localhost,_,0.002
10.0.0.2,-,07/Apr/2023:06:37:58 +0000,GET,/js/react-bootstrap.js,HTTP/1.1,-,304,0,http://localhost/,Mozilla/5.0 (X11; Ubuntu; Linux x86_64; rv:109.0) Gecko/20100101 Firefox/111.0,-,localhost,_,0.003
10.0.0.2,-,07/Apr/2023:06:37:58 +0000,GET,/js/babel.min.js,HTTP/1.1,-,304,0,http://localhost/,Mozilla/5.0 (X11; Ubuntu; Linux x86_64; rv:109.0) Gecko/20100101 Firefox/111.0,-,localhost,_,0.002
10.0.0.2,-,07/Apr/2023:06:37:58 +0000,GET,/js/app.js,HTTP/1.1,-,304,0,http://localhost/,Mozilla/5.0 (X11; Ubuntu; Linux x86_64; rv:109.0) Gecko/20100101 Firefox/111.0,-,localhost,_,0.000
10.0.0.2,-,07/Apr/2023:06:37:59 +0000,GET,/items,HTTP/1.1,-,200,230,http://localhost/,Mozilla/5.0 (X11; Ubuntu; Linux x86_64; rv:109.0) Gecko/20100101 Firefox/111.0,-,localhost,_,0.002
10.0.0.2,-,07/Apr/2023:06:39:50 +0000,POST,/items,HTTP/1.1,{name:Helloworld},200,63,-,curl/7.81.0,-,localhost,_,0.063
10.0.0.2,-,07/Apr/2023:06:39:59 +0000,GET,/,HTTP/1.1,-,200,858,-,Mozilla/5.0 (X11; Ubuntu; Linux x86_64; rv:109.0) Gecko/20100101 Firefox/111.0,-,localhost,_,0.001
10.0.0.2,-,07/Apr/2023:06:39:59 +0000,GET,/css/styles.css,HTTP/1.1,-,200,534,http://localhost/,Mozilla/5.0 (X11; Ubuntu; Linux x86_64; rv:109.0) Gecko/20100101 Firefox/111.0,-,localhost,_,0.001
10.0.0.2,-,07/Apr/2023:06:39:59 +0000,GET,/css/font-awesome/all.min.css,HTTP/1.1,-,200,56302,http://localhost/,Mozilla/5.0 (X11; Ubuntu; Linux x86_64; rv:109.0) Gecko/20100101 Firefox/111.0,-,localhost,_,0.002
10.0.0.2,-,07/Apr/2023:06:39:59 +0000,GET,/css/bootstrap.min.css,HTTP/1.1,-,200,155758,http://localhost/,Mozilla/5.0 (X11; Ubuntu; Linux x86_64; rv:109.0) Gecko/20100101 Firefox/111.0,-,localhost,_,0.002
10.0.0.2,-,07/Apr/2023:06:39:59 +0000,GET,/js/react.production.min.js,HTTP/1.1,-,304,0,http://localhost/,Mozilla/5.0 (X11; Ubuntu; Linux x86_64; rv:109.0) Gecko/20100101 Firefox/111.0,-,localhost,_,0.001
10.0.0.2,-,07/Apr/2023:06:39:59 +0000,GET,/js/react-dom.production.min.js,HTTP/1.1,-,304,0,http://localhost/,Mozilla/5.0 (X11; Ubuntu; Linux x86_64; rv:109.0) Gecko/20100101 Firefox/111.0,-,localhost,_,0.002
10.0.0.2,-,07/Apr/2023:06:39:59 +0000,GET,/js/react-bootstrap.js,HTTP/1.1,-,304,0,http://localhost/,Mozilla/5.0 (X11; Ubuntu; Linux x86_64; rv:109.0) Gecko/20100101 Firefox/111.0,-,localhost,_,0.003
10.0.0.2,-,07/Apr/2023:06:39:59 +0000,GET,/js/babel.min.js,HTTP/1.1,-,304,0,http://localhost/,Mozilla/5.0 (X11; Ubuntu; Linux x86_64; rv:109.0) Gecko/20100101 Firefox/111.0,-,localhost,_,0.002
10.0.0.2,-,07/Apr/2023:06:39:59 +0000,GET,/js/app.js,HTTP/1.1,-,200,5371,http://localhost/,Mozilla/5.0 (X11; Ubuntu; Linux x86_64; rv:109.0) Gecko/20100101 Firefox/111.0,-,localhost,_,0.001
10.0.0.2,-,07/Apr/2023:06:39:59 +0000,GET,/favicon.ico,HTTP/1.1,-,499,0,http://localhost/,Mozilla/5.0 (X11; Ubuntu; Linux x86_64; rv:109.0) Gecko/20100101 Firefox/111.0,-,localhost,_,0.000
10.0.0.2,-,07/Apr/2023:06:39:59 +0000,GET,/items,HTTP/1.1,-,200,306,http://localhost/,Mozilla/5.0 (X11; Ubuntu; Linux x86_64; rv:109.0) Gecko/20100101 Firefox/111.0,-,localhost,_,0.001
10.0.0.2,-,07/Apr/2023:06:40:37 +0000,POST,/items,HTTP/1.1,"{""name"":""dasdasd""}",200,80,http://localhost/,Mozilla/5.0 (X11; Ubuntu; Linux x86_64; rv:109.0) Gecko/20100101 Firefox/111.0,-,localhost,_,0.063
10.0.0.2,-,07/Apr/2023:06:40:50 +0000,POST,/items,HTTP/1.1,"{""name"":""Hello""}",200,78,http://localhost/,Mozilla/5.0 (X11; Ubuntu; Linux x86_64; rv:109.0) Gecko/20100101 Firefox/111.0,-,localhost,_,0.015
10.0.0.2,-,07/Apr/2023:06:41:19 +0000,GET,/,HTTP/1.1,-,304,0,-,Mozilla/5.0 (X11; Ubuntu; Linux x86_64; rv:109.0) Gecko/20100101 Firefox/111.0,-,localhost,_,0.001
10.0.0.2,-,07/Apr/2023:06:41:19 +0000,GET,/css/bootstrap.min.css,HTTP/1.1,-,304,0,http://localhost/,Mozilla/5.0 (X11; Ubuntu; Linux x86_64; rv:109.0) Gecko/20100101 Firefox/111.0,-,localhost,_,0.001
10.0.0.2,-,07/Apr/2023:06:41:19 +0000,GET,/css/font-awesome/all.min.css,HTTP/1.1,-,304,0,http://localhost/,Mozilla/5.0 (X11; Ubuntu; Linux x86_64; rv:109.0) Gecko/20100101 Firefox/111.0,-,localhost,_,0.001
10.0.0.2,-,07/Apr/2023:06:41:19 +0000,GET,/css/styles.css,HTTP/1.1,-,304,0,http://localhost/,Mozilla/5.0 (X11; Ubuntu; Linux x86_64; rv:109.0) Gecko/20100101 Firefox/111.0,-,localhost,_,0.001
10.0.0.2,-,07/Apr/2023:06:41:19 +0000,GET,/js/react.production.min.js,HTTP/1.1,-,304,0,http://localhost/,Mozilla/5.0 (X11; Ubuntu; Linux x86_64; rv:109.0) Gecko/20100101 Firefox/111.0,-,localhost,_,0.001
10.0.0.2,-,07/Apr/2023:06:41:19 +0000,GET,/js/react-dom.production.min.js,HTTP/1.1,-,304,0,http://localhost/,Mozilla/5.0 (X11; Ubuntu; Linux x86_64; rv:109.0) Gecko/20100101 Firefox/111.0,-,localhost,_,0.002
10.0.0.2,-,07/Apr/2023:06:41:19 +0000,GET,/js/react-bootstrap.js,HTTP/1.1,-,304,0,http://localhost/,Mozilla/5.0 (X11; Ubuntu; Linux x86_64; rv:109.0) Gecko/20100101 Firefox/111.0,-,localhost,_,0.000
10.0.0.2,-,07/Apr/2023:06:41:19 +0000,GET,/js/babel.min.js,HTTP/1.1,-,304,0,http://localhost/,Mozilla/5.0 (X11; Ubuntu; Linux x86_64; rv:109.0) Gecko/20100101 Firefox/111.0,-,localhost,_,0.001
10.0.0.2,-,07/Apr/2023:06:41:19 +0000,GET,/js/app.js,HTTP/1.1,-,304,0,http://localhost/,Mozilla/5.0 (X11; Ubuntu; Linux x86_64; rv:109.0) Gecko/20100101 Firefox/111.0,-,localhost,_,0.001
10.0.0.2,-,07/Apr/2023:06:41:19 +0000,GET,/items,HTTP/1.1,-,200,466,http://localhost/,Mozilla/5.0 (X11; Ubuntu; Linux x86_64; rv:109.0) Gecko/20100101 Firefox/111.0,-,localhost,_,0.002
10.0.0.2,-,07/Apr/2023:06:41:31 +0000,POST,/items,HTTP/1.1,"{""name"":""Hello""}",200,78,http://localhost/,Mozilla/5.0 (X11; Ubuntu; Linux x86_64; rv:109.0) Gecko/20100101 Firefox/111.0,-,localhost,_,0.064
10.0.0.2,-,07/Apr/2023:06:42:12 +0000,GET,/,HTTP/1.1,-,304,0,-,Mozilla/5.0 (X11; Ubuntu; Linux x86_64; rv:109.0) Gecko/20100101 Firefox/111.0,-,localhost,_,0.000
10.0.0.2,-,07/Apr/2023:06:42:12 +0000,GET,/js/react.production.min.js,HTTP/1.1,-,304,0,http://localhost/,Mozilla/5.0 (X11; Ubuntu; Linux x86_64; rv:109.0) Gecko/20100101 Firefox/111.0,-,localhost,_,0.003
10.0.0.2,-,07/Apr/2023:06:42:12 +0000,GET,/js/react-dom.production.min.js,HTTP/1.1,-,304,0,http://localhost/,Mozilla/5.0 (X11; Ubuntu; Linux x86_64; rv:109.0) Gecko/20100101 Firefox/111.0,-,localhost,_,0.002
10.0.0.2,-,07/Apr/2023:06:42:12 +0000,GET,/js/react-bootstrap.js,HTTP/1.1,-,304,0,http://localhost/,Mozilla/5.0 (X11; Ubuntu; Linux x86_64; rv:109.0) Gecko/20100101 Firefox/111.0,-,localhost,_,0.002
10.0.0.2,-,07/Apr/2023:06:42:12 +0000,GET,/css/bootstrap.min.css,HTTP/1.1,-,304,0,http://localhost/,Mozilla/5.0 (X11; Ubuntu; Linux x86_64; rv:109.0) Gecko/20100101 Firefox/111.0,-,localhost,_,0.003
10.0.0.2,-,07/Apr/2023:06:42:12 +0000,GET,/js/babel.min.js,HTTP/1.1,-,304,0,http://localhost/,Mozilla/5.0 (X11; Ubuntu; Linux x86_64; rv:109.0) Gecko/20100101 Firefox/111.0,-,localhost,_,0.003
10.0.0.2,-,07/Apr/2023:06:42:12 +0000,GET,/css/font-awesome/all.min.css,HTTP/1.1,-,304,0,http://localhost/,Mozilla/5.0 (X11; Ubuntu; Linux x86_64; rv:109.0) Gecko/20100101 Firefox/111.0,-,localhost,_,0.001
10.0.0.2,-,07/Apr/2023:06:42:12 +0000,GET,/css/styles.css,HTTP/1.1,-,304,0,http://localhost/,Mozilla/5.0 (X11; Ubuntu; Linux x86_64; rv:109.0) Gecko/20100101 Firefox/111.0,-,localhost,_,0.001
10.0.0.2,-,07/Apr/2023:06:42:12 +0000,GET,/js/app.js,HTTP/1.1,-,304,0,http://localhost/,Mozilla/5.0 (X11; Ubuntu; Linux x86_64; rv:109.0) Gecko/20100101 Firefox/111.0,-,localhost,_,0.001
10.0.0.2,-,07/Apr/2023:06:42:12 +0000,GET,/items,HTTP/1.1,-,200,545,http://localhost/,Mozilla/5.0 (X11; Ubuntu; Linux x86_64; rv:109.0) Gecko/20100101 Firefox/111.0,-,localhost,_,0.002
10.0.0.2,-,07/Apr/2023:06:42:18 +0000,PUT,/items/adae6d2d-42aa-4129-ad5a-013b092eb745,HTTP/1.1,"{""name"":null,""completed"":true}",200,74,http://localhost/,Mozilla/5.0 (X11; Ubuntu; Linux x86_64; rv:109.0) Gecko/20100101 Firefox/111.0,-,localhost,_,0.070
10.0.0.2,-,07/Apr/2023:06:42:25 +0000,PUT,/items/adae6d2d-42aa-4129-ad5a-013b092eb745,HTTP/1.1,"{""name"":null,""completed"":false}",200,75,http://localhost/,Mozilla/5.0 (X11; Ubuntu; Linux x86_64; rv:109.0) Gecko/20100101 Firefox/111.0,-,localhost,_,0.070
10.0.0.2,-,07/Apr/2023:06:42:57 +0000,POST,/items,HTTP/1.1,{name:Helloworld},200,63,-,curl/7.81.0,-,localhost,_,0.064
10.0.0.2,-,07/Apr/2023:06:43:40 +0000,POST,/items,HTTP/1.1,{x22namex22:x22Helloworldx22},200,63,-,curl/7.81.0,-,localhost,_,0.065
10.0.0.2,-,07/Apr/2023:06:43:54 +0000,GET,/,HTTP/1.1,-,304,0,-,Mozilla/5.0 (X11; Ubuntu; Linux x86_64; rv:109.0) Gecko/20100101 Firefox/111.0,-,localhost,_,0.001
10.0.0.2,-,07/Apr/2023:06:43:54 +0000,GET,/css/bootstrap.min.css,HTTP/1.1,-,304,0,http://localhost/,Mozilla/5.0 (X11; Ubuntu; Linux x86_64; rv:109.0) Gecko/20100101 Firefox/111.0,-,localhost,_,0.002
10.0.0.2,-,07/Apr/2023:06:43:54 +0000,GET,/css/font-awesome/all.min.css,HTTP/1.1,-,304,0,http://localhost/,Mozilla/5.0 (X11; Ubuntu; Linux x86_64; rv:109.0) Gecko/20100101 Firefox/111.0,-,localhost,_,0.003
10.0.0.2,-,07/Apr/2023:06:43:54 +0000,GET,/css/styles.css,HTTP/1.1,-,304,0,http://localhost/,Mozilla/5.0 (X11; Ubuntu; Linux x86_64; rv:109.0) Gecko/20100101 Firefox/111.0,-,localhost,_,0.002
10.0.0.2,-,07/Apr/2023:06:43:54 +0000,GET,/js/react.production.min.js,HTTP/1.1,-,304,0,http://localhost/,Mozilla/5.0 (X11; Ubuntu; Linux x86_64; rv:109.0) Gecko/20100101 Firefox/111.0,-,localhost,_,0.003
10.0.0.2,-,07/Apr/2023:06:43:54 +0000,GET,/js/babel.min.js,HTTP/1.1,-,304,0,http://localhost/,Mozilla/5.0 (X11; Ubuntu; Linux x86_64; rv:109.0) Gecko/20100101 Firefox/111.0,-,localhost,_,0.002
10.0.0.2,-,07/Apr/2023:06:43:54 +0000,GET,/js/react-bootstrap.js,HTTP/1.1,-,304,0,http://localhost/,Mozilla/5.0 (X11; Ubuntu; Linux x86_64; rv:109.0) Gecko/20100101 Firefox/111.0,-,localhost,_,0.002
10.0.0.2,-,07/Apr/2023:06:43:54 +0000,GET,/js/react-dom.production.min.js,HTTP/1.1,-,304,0,http://localhost/,Mozilla/5.0 (X11; Ubuntu; Linux x86_64; rv:109.0) Gecko/20100101 Firefox/111.0,-,localhost,_,0.002
10.0.0.2,-,07/Apr/2023:06:43:54 +0000,GET,/js/app.js,HTTP/1.1,-,200,5371,http://localhost/,Mozilla/5.0 (X11; Ubuntu; Linux x86_64; rv:109.0) Gecko/20100101 Firefox/111.0,-,localhost,_,0.001
10.0.0.2,-,07/Apr/2023:06:43:54 +0000,GET,/items,HTTP/1.1,-,200,697,http://localhost/,Mozilla/5.0 (X11; Ubuntu; Linux x86_64; rv:109.0) Gecko/20100101 Firefox/111.0,-,localhost,_,0.003
10.0.0.2,-,07/Apr/2023:06:45:13 +0000,POST,/items,HTTP/1.1,{\x22name\x22:\x22Hello\x22},200,63,-,curl/7.81.0,-,localhost,_,0.065
10.0.0.2,-,07/Apr/2023:06:45:18 +0000,GET,/,HTTP/1.1,-,200,858,-,Mozilla/5.0 (X11; Ubuntu; Linux x86_64; rv:109.0) Gecko/20100101 Firefox/111.0,-,localhost,_,0.002
10.0.0.2,-,07/Apr/2023:06:45:18 +0000,GET,/css/bootstrap.min.css,HTTP/1.1,-,304,0,http://localhost/,Mozilla/5.0 (X11; Ubuntu; Linux x86_64; rv:109.0) Gecko/20100101 Firefox/111.0,-,localhost,_,0.001
10.0.0.2,-,07/Apr/2023:06:45:18 +0000,GET,/css/font-awesome/all.min.css,HTTP/1.1,-,304,0,http://localhost/,Mozilla/5.0 (X11; Ubuntu; Linux x86_64; rv:109.0) Gecko/20100101 Firefox/111.0,-,localhost,_,0.003
10.0.0.2,-,07/Apr/2023:06:45:18 +0000,GET,/css/styles.css,HTTP/1.1,-,304,0,http://localhost/,Mozilla/5.0 (X11; Ubuntu; Linux x86_64; rv:109.0) Gecko/20100101 Firefox/111.0,-,localhost,_,0.004
10.0.0.2,-,07/Apr/2023:06:45:18 +0000,GET,/js/react.production.min.js,HTTP/1.1,-,304,0,http://localhost/,Mozilla/5.0 (X11; Ubuntu; Linux x86_64; rv:109.0) Gecko/20100101 Firefox/111.0,-,localhost,_,0.004
10.0.0.2,-,07/Apr/2023:06:45:18 +0000,GET,/js/react-dom.production.min.js,HTTP/1.1,-,304,0,http://localhost/,Mozilla/5.0 (X11; Ubuntu; Linux x86_64; rv:109.0) Gecko/20100101 Firefox/111.0,-,localhost,_,0.004
10.0.0.2,-,07/Apr/2023:06:45:18 +0000,GET,/js/react-bootstrap.js,HTTP/1.1,-,304,0,http://localhost/,Mozilla/5.0 (X11; Ubuntu; Linux x86_64; rv:109.0) Gecko/20100101 Firefox/111.0,-,localhost,_,0.004
10.0.0.2,-,07/Apr/2023:06:45:18 +0000,GET,/js/babel.min.js,HTTP/1.1,-,304,0,http://localhost/,Mozilla/5.0 (X11; Ubuntu; Linux x86_64; rv:109.0) Gecko/20100101 Firefox/111.0,-,localhost,_,0.005
10.0.0.2,-,07/Apr/2023:06:45:18 +0000,GET,/js/app.js,HTTP/1.1,-,304,0,http://localhost/,Mozilla/5.0 (X11; Ubuntu; Linux x86_64; rv:109.0) Gecko/20100101 Firefox/111.0,-,localhost,_,0.002
10.0.0.2,-,07/Apr/2023:06:45:18 +0000,GET,/items,HTTP/1.1,-,200,773,http://localhost/,Mozilla/5.0 (X11; Ubuntu; Linux x86_64; rv:109.0) Gecko/20100101 Firefox/111.0,-,localhost,_,0.001
10.0.0.2,-,07/Apr/2023:06:58:46 +0000,PUT,/items/3e73fd62-1ff2-49e5-8107-018708d707c7,HTTP/1.1,"{""name"":""d"",""completed"":true}",200,73,http://localhost/,Mozilla/5.0 (X11; Ubuntu; Linux x86_64; rv:109.0) Gecko/20100101 Firefox/111.0,-,localhost,_,0.070
10.0.0.2,-,07/Apr/2023:06:58:47 +0000,PUT,/items/3e73fd62-1ff2-49e5-8107-018708d707c7,HTTP/1.1,"{""name"":""d"",""completed"":false}",200,74,http://localhost/,Mozilla/5.0 (X11; Ubuntu; Linux x86_64; rv:109.0) Gecko/20100101 Firefox/111.0,-,localhost,_,0.068
10.0.0.2,-,07/Apr/2023:07:20:40 +0000,POST,/items,HTTP/1.1,"""{\n    \""name\"": \""Jack are playing a game\""\n}""",400,935,-,python-requests/2.25.1,-,localhost,_,0.002
10.0.0.2,-,07/Apr/2023:07:20:40 +0000,POST,/items,HTTP/1.1,"""{\n    \""name\"": \""Jim were watching television\""\n}""",400,935,-,python-requests/2.25.1,-,localhost,_,0.001
10.0.0.2,-,07/Apr/2023:07:20:40 +0000,POST,/items,HTTP/1.1,"""{\n    \""name\"": \""He was talking\""\n}""",400,935,-,python-requests/2.25.1,-,localhost,_,0.001
10.0.0.2,-,07/Apr/2023:07:20:40 +0000,POST,/items,HTTP/1.1,"""{\n    \""name\"": \""They were dancing\""\n}""",400,935,-,python-requests/2.25.1,-,localhost,_,0.001
10.0.0.2,-,07/Apr/2023:07:20:40 +0000,POST,/items,HTTP/1.1,"""{\n    \""name\"": \""We were talking\""\n}""",400,935,-,python-requests/2.25.1,-,localhost,_,0.000
10.0.0.2,-,07/Apr/2023:07:20:40 +0000,POST,/items,HTTP/1.1,"""{\n    \""name\"": \""They was watching television\""\n}""",400,935,-,python-requests/2.25.1,-,localhost,_,0.001
10.0.0.2,-,07/Apr/2023:07:20:40 +0000,POST,/items,HTTP/1.1,"""{\n    \""name\"": \""We are dancing\""\n}""",400,935,-,python-requests/2.25.1,-,localhost,_,0.001
10.0.0.2,-,07/Apr/2023:07:20:40 +0000,POST,/items,HTTP/1.1,"""{\n    \""name\"": \""Jack are watching television\""\n}""",400,935,-,python-requests/2.25.1,-,localhost,_,0.001
10.0.0.2,-,07/Apr/2023:07:20:40 +0000,POST,/items,HTTP/1.1,"""{\n    \""name\"": \""Jim were speaking\""\n}""",400,935,-,python-requests/2.25.1,-,localhost,_,0.001
10.0.0.2,-,07/Apr/2023:07:20:40 +0000,POST,/items,HTTP/1.1,"""{\n    \""name\"": \""He is dancing\""\n}""",400,935,-,python-requests/2.25.1,-,localhost,_,0.001
10.0.0.2,-,07/Apr/2023:07:20:40 +0000,POST,/items,HTTP/1.1,"""{\n    \""name\"": \""I is talking\""\n}""",400,935,-,python-requests/2.25.1,-,localhost,_,0.001
10.0.0.2,-,07/Apr/2023:07:20:40 +0000,POST,/items,HTTP/1.1,"""{\n    \""name\"": \""They are playing a game\""\n}""",400,935,-,python-requests/2.25.1,-,localhost,_,0.001
10.0.0.2,-,07/Apr/2023:07:20:41 +0000,POST,/items,HTTP/1.1,"""{\n    \""name\"": \""I were talking\""\n}""",400,935,-,python-requests/2.25.1,-,localhost,_,0.080
10.0.0.2,-,07/Apr/2023:07:20:58 +0000,GET,/,HTTP/1.1,-,304,0,-,Mozilla/5.0 (X11; Ubuntu; Linux x86_64; rv:109.0) Gecko/20100101 Firefox/111.0,-,localhost,_,0.001
10.0.0.2,-,07/Apr/2023:07:20:58 +0000,GET,/css/bootstrap.min.css,HTTP/1.1,-,304,0,http://localhost/,Mozilla/5.0 (X11; Ubuntu; Linux x86_64; rv:109.0) Gecko/20100101 Firefox/111.0,-,localhost,_,0.001
10.0.0.2,-,07/Apr/2023:07:20:58 +0000,GET,/css/font-awesome/all.min.css,HTTP/1.1,-,304,0,http://localhost/,Mozilla/5.0 (X11; Ubuntu; Linux x86_64; rv:109.0) Gecko/20100101 Firefox/111.0,-,localhost,_,0.001
10.0.0.2,-,07/Apr/2023:07:20:58 +0000,GET,/js/react-dom.production.min.js,HTTP/1.1,-,304,0,http://localhost/,Mozilla/5.0 (X11; Ubuntu; Linux x86_64; rv:109.0) Gecko/20100101 Firefox/111.0,-,localhost,_,0.002
10.0.0.2,-,07/Apr/2023:07:20:58 +0000,GET,/js/react.production.min.js,HTTP/1.1,-,304,0,http://localhost/,Mozilla/5.0 (X11; Ubuntu; Linux x86_64; rv:109.0) Gecko/20100101 Firefox/111.0,-,localhost,_,0.001
10.0.0.2,-,07/Apr/2023:07:20:58 +0000,GET,/css/styles.css,HTTP/1.1,-,304,0,http://localhost/,Mozilla/5.0 (X11; Ubuntu; Linux x86_64; rv:109.0) Gecko/20100101 Firefox/111.0,-,localhost,_,0.003
10.0.0.2,-,07/Apr/2023:07:20:58 +0000,GET,/js/react-bootstrap.js,HTTP/1.1,-,304,0,http://localhost/,Mozilla/5.0 (X11; Ubuntu; Linux x86_64; rv:109.0) Gecko/20100101 Firefox/111.0,-,localhost,_,0.002
10.0.0.2,-,07/Apr/2023:07:20:58 +0000,GET,/js/babel.min.js,HTTP/1.1,-,304,0,http://localhost/,Mozilla/5.0 (X11; Ubuntu; Linux x86_64; rv:109.0) Gecko/20100101 Firefox/111.0,-,localhost,_,0.001
10.0.0.2,-,07/Apr/2023:07:20:58 +0000,GET,/js/app.js,HTTP/1.1,-,200,5371,http://localhost/,Mozilla/5.0 (X11; Ubuntu; Linux x86_64; rv:109.0) Gecko/20100101 Firefox/111.0,-,localhost,_,0.001
10.0.0.2,-,07/Apr/2023:07:20:58 +0000,GET,/items,HTTP/1.1,-,304,0,http://localhost/,Mozilla/5.0 (X11; Ubuntu; Linux x86_64; rv:109.0) Gecko/20100101 Firefox/111.0,-,localhost,_,0.001
10.0.0.2,-,07/Apr/2023:07:21:49 +0000,POST,/items,HTTP/1.1,"""{\n    \""name\"": \""Jim are dancing\""\n}""",400,935,-,python-requests/2.25.1,-,localhost,_,0.001
10.0.0.2,-,07/Apr/2023:07:22:03 +0000,POST,/items,HTTP/1.1,"""{\n    \""name\"": \""We were speaking\""\n}""",400,935,-,python-requests/2.25.1,-,localhost,_,0.001
10.0.0.2,-,07/Apr/2023:07:22:03 +0000,POST,/items,HTTP/1.1,"""{\n    \""name\"": \""They are speaking\""\n}""",400,935,-,python-requests/2.25.1,-,localhost,_,0.001
10.0.0.2,-,07/Apr/2023:07:22:03 +0000,POST,/items,HTTP/1.1,"""{\n    \""name\"": \""Jim is speaking\""\n}""",400,935,-,python-requests/2.25.1,-,localhost,_,0.001
10.0.0.2,-,07/Apr/2023:07:22:03 +0000,POST,/items,HTTP/1.1,"""{\n    \""name\"": \""Jim were playing a game\""\n}""",400,935,-,python-requests/2.25.1,-,localhost,_,0.001
10.0.0.2,-,07/Apr/2023:07:22:03 +0000,POST,/items,HTTP/1.1,"""{\n    \""name\"": \""Jack was dancing\""\n}""",400,935,-,python-requests/2.25.1,-,localhost,_,0.001
10.0.0.2,-,07/Apr/2023:07:22:03 +0000,POST,/items,HTTP/1.1,"""{\n    \""name\"": \""I is speaking\""\n}""",400,935,-,python-requests/2.25.1,-,localhost,_,0.002
10.0.0.2,-,07/Apr/2023:07:22:03 +0000,POST,/items,HTTP/1.1,"""{\n    \""name\"": \""Jim is playing a game\""\n}""",400,935,-,python-requests/2.25.1,-,localhost,_,0.001
10.0.0.2,-,07/Apr/2023:07:22:03 +0000,POST,/items,HTTP/1.1,"""{\n    \""name\"": \""She are dancing\""\n}""",400,935,-,python-requests/2.25.1,-,localhost,_,0.000
10.0.0.2,-,07/Apr/2023:07:22:03 +0000,POST,/items,HTTP/1.1,"""{\n    \""name\"": \""Jim was speaking\""\n}""",400,935,-,python-requests/2.25.1,-,localhost,_,0.002
10.0.0.2,-,07/Apr/2023:07:22:03 +0000,POST,/items,HTTP/1.1,"""{\n    \""name\"": \""They was talking\""\n}""",400,935,-,python-requests/2.25.1,-,localhost,_,0.001
10.0.0.2,-,07/Apr/2023:07:22:03 +0000,POST,/items,HTTP/1.1,"""{\n    \""name\"": \""He was talking\""\n}""",400,935,-,python-requests/2.25.1,-,localhost,_,0.002
10.0.0.2,-,07/Apr/2023:07:22:03 +0000,POST,/items,HTTP/1.1,"""{\n    \""name\"": \""They were speaking\""\n}""",400,935,-,python-requests/2.25.1,-,localhost,_,0.003
10.0.0.2,-,07/Apr/2023:07:22:03 +0000,POST,/items,HTTP/1.1,"""{\n    \""name\"": \""He was dancing\""\n}""",400,935,-,python-requests/2.25.1,-,localhost,_,0.001
10.0.0.2,-,07/Apr/2023:07:22:03 +0000,POST,/items,HTTP/1.1,"""{\n    \""name\"": \""Jim is playing a game\""\n}""",400,935,-,python-requests/2.25.1,-,localhost,_,0.002
10.0.0.2,-,07/Apr/2023:07:22:03 +0000,POST,/items,HTTP/1.1,"""{\n    \""name\"": \""Jim was watching television\""\n}""",400,935,-,python-requests/2.25.1,-,localhost,_,0.001
10.0.0.2,-,07/Apr/2023:07:22:03 +0000,POST,/items,HTTP/1.1,"""{\n    \""name\"": \""Jack is watching television\""\n}""",400,935,-,python-requests/2.25.1,-,localhost,_,0.001
10.0.0.2,-,07/Apr/2023:07:22:03 +0000,POST,/items,HTTP/1.1,"""{\n    \""name\"": \""Jack are talking\""\n}""",400,935,-,python-requests/2.25.1,-,localhost,_,0.001
10.0.0.2,-,07/Apr/2023:07:22:03 +0000,POST,/items,HTTP/1.1,"""{\n    \""name\"": \""Jack was dancing\""\n}""",400,935,-,python-requests/2.25.1,-,localhost,_,0.069
